account	balance	currency
12345ai.ftw	0.038066	DAI
12basilevs12	0.000000	DAI
1344214affsd	0.044760	DAI
13v3jeosdac1	0.000000	DAI
13v3jeosdac1	0.000000	USDC
1bru.ftw	0.098380	DAI
1iiqfjcaorxq	0.000000	DAI
1iiqfjcaorxq	93.686416	USDC
1xrp4me.ftw	1.112197	DAI
21j.ftw	0.000000	DAI
21zephyrint3	0.000000	DAI
21zephyrint3	0.000000	USDC
23aaronm.ftw	0.000000	DAI
2zatwenty313	0.000000	DAI
2zatwenty313	0.000000	USDC
3k2b2aepx23e	0.000000	USDC
4gzm1rnq2gj2	0.000000	DAI
4gzm1rnq2gj2	0.000000	USDC
4tommy.ftw	0.145343	DAI
54auzjhz2xat	1.232055	DAI
54auzjhz2xat	0.524047	USDC
5555smit5555	0.701875	DAI
a1min.ftw	0.143073	DAI
abcdabcd1234	0.000000	DAI
abcdabcd1234	0.000000	USDC
abdullahsult	0.109677	DAI
aboynamedsue	0.000000	DAI
aboynamedsue	0.000000	USDC
acushnireos1	0.863713	DAI
adam5533.ftw	0.000000	DAI
adelaro.ftw	0.056315	DAI
adzbebe.ftw	0.000000	DAI
afnsbue4ky5s	0.000000	DAI
afnsbue4ky5s	0.000000	USDC
ahandsome222	0.173730	DAI
aizkalt.ftw	0.000000	DAI
aizkalt.ftw	0.000000	USDC
akerd.ftw	3.294673	DAI
akom15.ftw	0.000000	DAI
akrsmvakrsmv	9.621320	DAI
akrsmvakrsmv	0.000000	USDC
alexbetancur	10.158228	DAI
allanver.ftw	1.423475	DAI
alxbransby12	0.000000	DAI
alxbransby12	0.000000	USDC
alxbransby12	0.0000	EHEGIC
alysacytan23	0.698282	DAI
alysacytan23	0.149125	USDC
amanxciineve	0.000000	DAI
amazingsteak	1.650449	USDC
amirmm.ftw	0.000000	DAI
amirpo.ftw	0.000000	DAI
amiryon.ftw	0.000000	DAI
amiybekay234	0.111079	DAI
amzingthings	0.000000	USDC
anacornandpi	0.000000	USDC
and3eika.ftw	2.889535	DAI
andriamihaja	1.831984	DAI
andydlandsly	0.000000	DAI
andydlandsly	0.000000	USDC
andyn.ftw	0.000000	DAI
animen.ftw	0.000000	DAI
anoxeosfakir	0.000000	DAI
anoxeosfakir	0.000000	USDC
antidankguns	111.544562	DAI
antidankguns	6.041695	USDC
antidankguns	0.0000	EHEGIC
apete.ftw	0.000000	DAI
archeddu.ftw	0.186779	DAI
armerino1.tp	0.949363	DAI
armerino1.tp	0.374375	USDC
aruxx.ftw	0.040338	DAI
arzeha.ftw	0.978904	DAI
astonere.ftw	0.000000	DAI
audhie151515	0.000000	USDC
awylzoa54lvh	0.000000	DAI
azeazleftwbe	0.000000	DAI
badand1.ftw	0.508003	DAI
badasswallet	0.000000	DAI
badasswallet	0.000000	USDC
baecitus.ftw	0.000000	DAI
ballpunlop13	0.000000	DAI
bananask.ftw	0.000000	DAI
barobax.ftw	0.000000	DAI
barsch12345w	0.000000	DAI
bastiaannano	0.000000	DAI
bastiaannano	0.000000	USDC
bauernhofk1b	0.000000	DAI
baxterov.ftw	1.017124	DAI
bbooddyy.ftw	0.000000	DAI
benall.ftw	0.000000	DAI
benjaminrost	0.000000	DAI
benjaminrost	0.000000	USDC
beoscommerce	0.000000	DAI
beoscommerce	0.000000	USDC
bestdsp.ai	0.000000	DAI
bestdsp.ai	0.000000	USDC
bestdsp.game	0.000000	DAI
bestdsp.game	0.000000	USDC
bet.mail	3.086205	DAI
bet.mail	0.737572	USDC
bet.mail	0.1726	EHEGIC
biru21.ftw	0.213363	DAI
blacknorange	0.000000	DAI
blacknorange	0.000000	USDC
bladyflowsm1	0.286604	DAI
blockbreaker	0.000000	DAI
blockstart.z	0.000000	DAI
blockstart.z	58.500949	USDC
blockstart.z	0.0000	EHEGIC
blockstartvf	0.000000	DAI
blockstartvf	0.000000	USDC
bmgkpbmgkpaa	0.000000	DAI
bmsjor.ftw	0.250037	DAI
bmx4life.ftw	0.261744	DAI
bngking.ftw	0.000000	DAI
bobbybouldaz	0.000000	DAI
boid1metrics	0.0000	EHEGIC
bon235.ftw	0.001703	DAI
bon235.ftw	0.006927	USDC
bossdad1.ftw	0.234773	DAI
brayanfl.ftw	0.521178	DAI
briyiteliana	0.000000	DAI
btcruleworld	0.000000	USDC
buzyall1.ftw	0.637062	DAI
bvfndswisslp	0.000000	DAI
bvfndswisslp	0.000000	USDC
bvnorthameri	0.000000	DAI
bvnorthameri	0.000000	USDC
bvnorthameri	0.0000	EHEGIC
bwm15.ftw	0.219485	DAI
carco.ftw	0.000000	DAI
caskamt.ftw	0.000000	DAI
catabcde.ftw	0.135184	DAI
cbxsuovwntvs	0.000000	DAI
cea1212.ftw	0.000000	DAI
chaneltellon	0.0000	EHEGIC
charlesm.ftw	1.928607	DAI
chriscar.ftw	0.000000	DAI
churuganicus	0.070508	DAI
cityclublife	0.161208	DAI
cityrich.ftw	0.000000	USDC
civic55.ftw	0.034301	DAI
coggadcue1.e	0.000000	USDC
coinbase	0.430803	DAI
communityman	0.544262	DAI
computerchip	0.019955	DAI
computerchip	0.000000	USDC
computerchip	0.0000	EHEGIC
cptndeep.ftw	0.000000	DAI
cpu111cpu222	0.000000	DAI
cream21.ftw	0.091892	DAI
crjren33.ftw	0.000000	DAI
cryptbox.ftw	0.000000	DAI
cryptogod123	0.000000	DAI
cryptogod123	0.000000	USDC
cryptomestic	0.009252	DAI
cryptoos.ftw	0.279076	DAI
cwkhrisostom	0.312351	DAI
cx251.ftw	1.345492	DAI
dadairdrops1	2052.959822	DAI
dadairdrops1	3394.399643	USDC
dadeosoption	0.000000	DAI
dadeosoption	0.000000	USDC
dadfeelock11	0.000000	DAI
dadfeelock11	0.000000	USDC
dadfeevault1	0.000000	DAI
dadfeevault1	0.000000	USDC
dadusdbridge	0.000000	DAI
dadusdbridge	0.000000	USDC
damionjr.ftw	0.000000	DAI
dantekei.ftw	0.160732	DAI
dapptraderzz	0.000000	USDC
dario1cesaro	0.000000	DAI
dario1cesaro	0.000000	USDC
dariocesaro1	0.027410	USDC
darpanhongal	2.248344	DAI
deaghgri.ftw	0.762241	DAI
dearprudence	0.000000	DAI
dearprudence	0.000000	USDC
declandeclan	0.000000	DAI
defistrategy	2.251703	USDC
defistrategy	0.0000	EHEGIC
depositusd11	1055209.748194	DAI
depositusd11	920498.926505	USDC
derickarthur	0.201808	DAI
descjj.ftw	0.000000	DAI
didnt1able44	0.000000	DAI
didnt1able44	0.000000	USDC
dilibokidjam	0.012287	DAI
dilibokidjam	0.056449	USDC
dimabech.ftw	0.000000	DAI
dkdfcdmkmfcm	0.000000	USDC
dkeodwcy52ux	0.000000	DAI
dkeodwcy52ux	0.000000	USDC
dkeodwcy52ux	0.0000	EHEGIC
dmj.ftw	0.000000	DAI
doctaphilphd	0.150496	DAI
doctaphilphd	0.0000	EHEGIC
doctordoofus	0.000000	DAI
dome231.ftw	0.000000	DAI
domshaun.ftw	1.007894	DAI
donays.ftw	0.000000	DAI
dposithegeos	61037.0199	EHEGIC
dprofits.ftw	0.000000	DAI
drdiaz.ftw	0.000000	DAI
dreamkilller	0.000000	USDC
drowninshark	0.000000	USDC
dud345f.ftw	0.000000	DAI
dunc.ftw	0.000000	DAI
dusty42o.ftw	0.000000	DAI
e1314.e	0.000000	DAI
eacombs23231	0.531792	USDC
easytoeosshk	0.000000	DAI
easytoeosshk	0.000000	USDC
eck24j.ftw	0.197315	DAI
ecrvadminfee	0.000000	DAI
ecrvadminfee	0.000000	USDC
ecrvwpspool1	0.000000	USDC
ecurve3pool1	0.000000	DAI
ecurve3pool1	0.000000	USDC
ecurvelockup	0.000000	DAI
ecurvelockup	0.754835	USDC
edboi.ftw	0.137487	DAI
edtinezcavzc	0.000000	DAI
edtinezcavzc	0.000000	USDC
ehegicpool11	0.0000	EHEGIC
electrob.ftw	0.076424	DAI
elliottkelly	0.000000	DAI
elliottkelly	0.000001	USDC
emmaforevery	0.000000	DAI
emmaforevery	0.000000	USDC
emskeez1.ftw	0.000000	DAI
endoftheroad	0.139365	DAI
endoftheroad	0.000000	USDC
eosbattlewom	8.294733	DAI
eosflorineos	0.000000	DAI
eosflorineos	0.000000	USDC
eoshernaneos	0.141800	DAI
eosinvestnow	0.588791	DAI
eosinvestnow	0.917153	USDC
eosinvestnow	0.0000	EHEGIC
eosiodetroit	27.136779	DAI
eosiodetroit	22.465012	USDC
eoskittyhawk	0.000000	DAI
eoskittyhawk	0.000000	USDC
eoskittyhawk	0.0000	EHEGIC
eosknplecas5	0.000000	DAI
eosknplecas5	0.000000	USDC
eosknplecas5	0.0000	EHEGIC
equilibrated	0.000000	DAI
equilibrated	0.000000	USDC
equilibrated	0.0000	EHEGIC
erchu.ftw	0.000000	DAI
eschatologic	29.741118	DAI
eschatologic	0.000000	USDC
euk.ftw	0.554803	DAI
euphoricsean	0.000000	DAI
ewolfbalckwo	0.842858	DAI
excitingfood	0.000000	DAI
ey4rsbkhskjd	0.000000	DAI
fabioetotoro	1.298992	DAI
fabiola11324	0.127716	DAI
fakus242.ftw	0.000000	DAI
familytrust5	0.000000	DAI
farm2kitchen	0.000000	DAI
farshid2121f	0.000000	DAI
faze2.ftw	0.000000	DAI
fdomenic.ftw	0.044807	DAI
fedemir2.ftw	0.000000	DAI
fees.defi	0.216820	DAI
fees.defi	0.180576	USDC
fireangel555	0.000000	USDC
firelion.ftw	0.000000	DAI
flock42.ftw	0.000000	DAI
fluffybo.ftw	0.000000	DAI
fn25mft4qalp	0.000000	DAI
fn25mft4qalp	0.000000	USDC
fquencyearth	1.695809	DAI
franz111.ftw	0.666145	DAI
frescodieoss	0.000000	DAI
frescodieoss	0.000000	USDC
futureminute	0.000000	DAI
futureminute	0.000000	USDC
g43tinbwg4ge	0.000000	DAI
g43tinbwg4ge	0.000000	USDC
gaingaingain	0.000000	DAI
gaingaingain	0.000000	USDC
galkirom2211	0.000000	DAI
gardenisland	0.488782	DAI
gardenisland	241.399398	USDC
gardenisland	0.0081	EHEGIC
gatanasov213	0.000000	DAI
gazdufbogade	0.000000	DAI
gazdufbogade	0.000000	USDC
ge2tanbrgige	0.000000	DAI
ge2tanbrgige	0.000000	USDC
ge3donruhage	2.164531	DAI
ge3tambygege	3.249198	DAI
geydenbyhege	1103.197765	DAI
geydenbyhege	1057.002537	USDC
geytenzrhage	0.000000	DAI
geytenzrhage	0.000000	USDC
geytiojugene	0.000000	DAI
geytiojugene	0.000000	USDC
geytiojugene	0.0000	EHEGIC
gez4dauyhage	0.119796	DAI
ggdgpcfxoyhr	2.498268	DAI
ggdgpcfxoyhr	0.000000	USDC
ggdgpcfxoyhr	0.0000	EHEGIC
gi2tamzzgege	0.000000	DAI
gi2tamzzgege	0.000000	USDC
gi2tenbwgene	0.000000	DAI
gi2tenbwgene	0.000000	USDC
giannime.ftw	0.047456	DAI
gisclerc1234	21.155923	DAI
gisclerc1234	54.349605	USDC
gkzlkbcetjts	0.628503	DAI
gkzlkbcetjts	0.377817	USDC
gm2dsnbrguge	0.223619	DAI
gm33jzwszhbd	0.001186	DAI
gm33jzwszhbd	0.001205	USDC
gm3dknzyg4ge	0.000000	DAI
gm4tkojxgene	0.000274	DAI
gmydkmbrgyge	0.030716	DAI
gmydkmbrgyge	0.020685	USDC
godski.ftw	0.000000	DAI
googlegoogol	0.000000	DAI
googlegoogol	0.000000	USDC
gq2tamzthage	0.000000	DAI
gq2tamzthage	0.000000	USDC
gq2tamzthage	0.0000	EHEGIC
gq2tqmbwgige	1.826684	DAI
gq2tqmbwgige	0.186273	USDC
gq3dsnbugage	0.760160	DAI
gq3tcnbzg4ge	0.0000	EHEGIC
gq4danzvgyge	0.000080	DAI
gqydcmrtgege	0.000000	DAI
gqydcmrtgege	0.000000	USDC
gqztambxhage	0.456589	DAI
gqztamrzhage	0.000000	DAI
gqztamrzhage	0.000000	USDC
gqztgmryguge	0.000063	DAI
gqztkmrzgage	0.000000	DAI
gqztkmrzgage	0.000000	USDC
granpete.ftw	0.992836	DAI
gravytrader1	0.000000	DAI
grizzlybears	0.000000	DAI
grizzlybears	0.000000	USDC
gsofresh.ftw	0.160168	DAI
gu2demrsguge	2.673812	DAI
gu2dmmzxg4ge	0.000000	DAI
gu2dmmzxg4ge	0.000000	USDC
gu2dmmzxg4ge	0.0000	EHEGIC
gu2tanjzgqge	10.100557	DAI
gu2tanjzgqge	4.771618	USDC
gu2tgobxgmge	0.000000	USDC
gu2tgobxgmge	0.0000	EHEGIC
gu2tmnbygmge	2.286501	DAI
gu3daobqgige	0.000798	DAI
gu3dmnzshege	0.013869	DAI
gu3dmnzshege	0.000000	USDC
gu4dgmzugmge	0.000000	DAI
gu4dgmzugmge	0.000000	USDC
gu4dsobuhage	0.000000	USDC
gu4tkobwgage	2.499033	DAI
guitar42.ftw	0.229613	DAI
guruyettullo	0.000000	DAI
guruyettullo	0.000000	USDC
guydgnjzgage	0.000000	DAI
guzdgmrwgyge	0.993709	USDC
guzdsobwg4ge	0.000000	DAI
guztqnzyhege	0.002115	DAI
gy2danzsgege	0.000000	DAI
gy2danzsgege	0.000000	USDC
gy2dmmbqgege	1.216292	DAI
gy2dmmbqgege	0.000000	USDC
gy2donjwhege	0.000000	DAI
gy2donjwhege	0.000000	USDC
gy2tsmbtgyge	0.0000	EHEGIC
gy3dcobqgyge	0.000000	DAI
gy3dcobqgyge	0.000000	USDC
gy3tsnrzgqge	0.000000	DAI
gy3tsnrzgqge	0.000000	USDC
gyzdmoigenes	0.000000	DAI
gyzdmoigenes	0.082838	USDC
h1a2z3e4l.tp	1.466693	DAI
h1a2z3e4l.tp	0.000000	USDC
ha3dqmrvg4ge	0.000000	USDC
ha3tinjyhege	1.094066	DAI
ha3tiobxgmge	0.000000	USDC
ha3tknjvg4ge	0.127859	DAI
ha3tknjvg4ge	0.017111	USDC
ha4dsojwhage	0.000000	DAI
ha4dsojwhage	0.000000	USDC
ha4tmnjrgyge	0.000000	USDC
hamsterdance	0.000000	DAI
hamsterdance	0.000000	USDC
hawaiigolfer	5750.273439	USDC
haztqnjuhage	0.000000	DAI
haztqnjuhage	0.000000	USDC
hdeljavan222	0.198268	DAI
hectors.ftw	0.000000	DAI
hendrik5.ftw	0.042675	DAI
hezdgojvgmge	0.000000	USDC
hezdinrugqge	1.747631	USDC
hhloveshim31	0.000000	DAI
hhloveshim31	0.000000	USDC
hlf123451234	0.000000	USDC
hoshjatwosix	0.000000	DAI
hotwallet.x	0.000000	DAI
hotwallet.x	0.000000	USDC
hotwallet.x	0.0000	EHEGIC
hpvniufabtyb	0.000000	DAI
hroth34.ftw	0.000000	DAI
htetminwun44	1.226578	DAI
hxks1.ftw	0.129272	DAI
iamben.ftw	0.067860	DAI
ibncakhwgzss	0.000000	USDC
ijokermaster	0.184820	DAI
ijokermaster	0.185042	USDC
imadking.ftw	0.444014	DAI
imgamehunter	0.000000	DAI
imgamehunter	0.000000	USDC
inoichiwalle	0.117073	DAI
irish2camper	0.000000	USDC
iritooo.ftw	0.320077	DAI
isaisasa.ftw	0.000000	DAI
itadori3.ftw	0.335715	DAI
itsspiderman	3.669929	DAI
itsspiderman	3.668531	USDC
izanieismail	0.000000	DAI
jackson12345	0.000000	DAI
jackson12345	0.000000	USDC
jakerubusxx1	0.000000	DAI
jaksco251212	0.000000	DAI
jamestaggart	0.000001	DAI
jamestaggart	0.000001	USDC
janinojanino	0.000000	DAI
japaferreira	0.000000	DAI
jaytea33.ftw	0.110006	DAI
jbucksteiner	1.550944	DAI
jbucksteiner	0.360454	USDC
jdevora.hodl	0.005636	DAI
jexxcrypptoz	7.498291	USDC
jhonazz.ftw	0.000000	DAI
jimmyzjam541	0.118533	DAI
jingege11eos	41.788213	USDC
joerazor1223	0.000000	DAI
johnhenr.ftw	0.056029	DAI
jon32554ka12	0.000000	DAI
joneoswallet	0.000000	DAI
joneoswallet	0.000000	USDC
jonypeli.ftw	0.000000	DAI
joshdust.ftw	0.000000	DAI
jshshwh.ftw	0.436698	DAI
judorichard2	0.044276	DAI
julian123452	0.368095	DAI
justdontmess	29.090606	DAI
justdontmess	0.499444	USDC
kamhan13.ftw	0.244995	DAI
karangantuuu	0.000000	DAI
khalil123455	0.000000	DAI
kinai.ftw	0.000000	DAI
kingcryptoz1	0.000000	DAI
kinghusn.ftw	0.829614	DAI
kingoso.ftw	0.000000	DAI
kingrey2.ftw	1.777588	DAI
kingsar.ftw	0.000000	DAI
kirmet123455	0.000000	USDC
kleiverjaden	5.980505	DAI
krskmp1.ftw	0.000000	DAI
kstockstill1	0.411779	DAI
kulo.ftw	0.162096	DAI
kunkevic.ftw	0.212699	DAI
kwaipoes.ftw	0.190258	DAI
labellavita1	0.000000	DAI
labellavita1	0.591630	USDC
lacarteraeos	0.000181	DAI
latelatelate	72.257569	DAI
latelatelate	4.401200	USDC
lee32.ftw	0.105707	DAI
leonpotthoff	0.000000	DAI
lesthap.ftw	0.696962	DAI
liamh.ftw	0.000000	DAI
lifeflyg.ftw	0.075648	DAI
lijinlin1555	1.854685	DAI
lijinlin1555	1.803992	USDC
lijinlinants	0.000005	DAI
lijinlinants	0.000006	USDC
locatewealth	0.000000	DAI
locatewealth	0.000000	USDC
locatewealth	0.0000	EHEGIC
loco22.ftw	0.000000	DAI
lordbarber33	0.245203	DAI
lost4cryptos	0.000000	DAI
lovesoyoung2	0.027549	DAI
lovesoyoung2	195.619284	USDC
lown.ftw	2.160055	DAI
luangprabang	0.000000	USDC
luismattosjr	0.288690	DAI
lukesaccount	0.000000	DAI
lukesaccount	0.000000	USDC
lyf215liyong	0.000000	USDC
maccoy25.ftw	0.000000	DAI
magumbay.ftw	0.000000	DAI
mahivarm.ftw	1.056258	DAI
majeztic.ftw	0.029292	DAI
makingmonies	0.000000	DAI
makingmonies	0.000000	USDC
makingmonies	0.0000	EHEGIC
mandrad.ftw	0.000000	DAI
mangican.ftw	0.315713	DAI
manjoorelahi	0.000000	USDC
manofnewyork	0.000000	DAI
manofnewyork	0.000000	USDC
markmainacct	0.258534	DAI
markwellseos	0.004597	DAI
markwellseos	0.000000	USDC
martybrennan	1.593464	DAI
martybrennan	0.000000	USDC
mastarolo224	0.000000	DAI
matakobr.ftw	0.121906	DAI
math22.ftw	0.086460	DAI
matthewadams	0.000000	DAI
matthewadams	0.000000	USDC
maxjeff.ftw	0.000000	DAI
maxxor111222	0.566175	DAI
maz15.ftw	0.055308	DAI
mbxgkvsy4ynm	0.299760	DAI
mbxgkvsy4ynm	0.000000	USDC
mbxgkvsy4ynm	0.0000	EHEGIC
mcellz.ftw	0.000000	DAI
meatmea.ftw	1.690403	DAI
meetdaclowns	97.120169	DAI
mehmedgo.ftw	0.000000	DAI
mekaer22.ftw	0.000000	DAI
mellisa.ftw	0.039768	DAI
melxisedek15	0.000000	DAI
melxisedek15	0.000000	USDC
membada.ftw	0.000000	DAI
mendozaleste	0.000000	DAI
methots.ftw	5.068029	DAI
metriodz.ftw	0.000000	DAI
mike141.ftw	0.296989	DAI
mikkeles.ftw	0.000000	DAI
milangaesmil	0.911531	DAI
mmgames.ftw	1.353770	DAI
mnks24.ftw	0.177458	DAI
mohamed12.m	10.837034	DAI
mohamed12.m	5.174209	USDC
mohammadebra	0.825246	DAI
momymomymomy	0.000000	DAI
moonmarshold	0.000000	DAI
moonmarshold	0.000000	USDC
morrisville1	0.000000	DAI
mpedasfarias	34.065456	DAI
mrshad.ftw	0.717907	DAI
muji22.ftw	0.000020	DAI
mysteorrrrrr	0.415057	DAI
mysteorrrrrr	0.330400	USDC
mysteorrrrrr	0.0195	EHEGIC
mysterio1322	0.000000	DAI
mznaeosfunds	0.000000	DAI
mznaeosfunds	0.000000	USDC
n2deep4u2be1	0.001390	DAI
naiachasith1	0.000000	DAI
nameless.gm	0.000000	USDC
nami3.ftw	1.250752	DAI
nav.sx	1.000000	DAI
nav.sx	1.000000	USDC
neigenoi.ftw	0.000000	DAI
nelsonrcwall	0.000000	DAI
newlordsync5	0.000000	DAI
nfq111111111	0.000000	USDC
ngaka.ftw	0.050642	DAI
nginear.ftw	0.199893	DAI
nhart15.ftw	0.358944	DAI
nkc1.ftw	0.000000	DAI
notagoodchew	0.000000	USDC
nyamaria.ftw	0.000000	DAI
oarpbmzimwhs	0.000000	DAI
oarpbmzimwhs	0.000000	USDC
odmeskal.ftw	0.000000	DAI
oerkkuv4z.tp	0.018859	USDC
og41.ftw	0.246423	DAI
oktahyy2b2ha	0.000000	USDC
opscamxxxxxx	0.000000	USDC
ouwehaas1234	0.263985	DAI
overthefalls	0.000000	DAI
overthefalls	0.000000	USDC
ownerkeypair	0.545280	DAI
ownerkeypair	0.000000	USDC
oxobank.bank	0.987741	USDC
p12345.ftw	0.000000	DAI
p2i3nb1a3l2l	0.002093	DAI
pankajsethh1	0.044154	DAI
partnos.ftw	0.000000	DAI
pasko.ftw	0.474681	DAI
passivemoney	0.000000	DAI
passivemoney	0.000000	USDC
passivemoney	0.0000	EHEGIC
patriotsoath	0.689462	DAI
patriotsoath	0.000000	USDC
paulucci4444	1.507374	DAI
pepoyluna21a	2.173002	DAI
petergun.ftw	0.164667	DAI
pigdogsurfer	0.000000	DAI
pims1.ftw	3.629807	DAI
piolon15.ftw	1.561783	DAI
pizzaddi.ftw	0.137388	DAI
pkmz1.ftw	0.152624	DAI
playwithfire	0.000000	DAI
playwithfire	0.000000	USDC
popoz.ftw	0.000000	DAI
preciouse122	0.000000	DAI
primenumber2	0.000000	DAI
privatwallet	0.9969	EHEGIC
proveedora12	0.000000	DAI
publeesan123	0.000000	DAI
pursang13you	0.043956	DAI
pursang13you	0.006478	USDC
qehjkfd.ftw	0.000000	DAI
quanchang111	0.001201	USDC
queenpg.ftw	0.000000	DAI
queenpg.ftw	0.000000	USDC
quinny2.ftw	0.000000	DAI
quiver.eos	0.000000	DAI
randafur.ftw	0.000000	DAI
realestatehi	0.000000	DAI
reep.ftw	0.000065	DAI
rempro.ftw	0.000000	DAI
reu.ftw	0.000000	DAI
reyna33.ftw	0.000000	DAI
rickiestrick	822.270576	USDC
ricosilvabra	0.000000	DAI
ricosilvabra	0.000000	USDC
riefert.ftw	0.098571	DAI
robvrichards	10.405496	DAI
robvrichards	4.736697	USDC
romans1x2abc	24.235257	DAI
romans1x2abc	23.244407	USDC
rvrkingfishr	0.0000	EHEGIC
ryanr225.ftw	0.000000	DAI
sabari45.ftw	0.147259	DAI
sabiha.ftw	0.000000	DAI
sagittariusa	0.000000	DAI
sagittariusa	0.000000	USDC
sahelan25lan	0.057320	DAI
sainn.ftw	0.000000	DAI
samlakexxx11	0.000000	DAI
samzero.ftw	0.250968	DAI
sasasokosasa	0.336421	DAI
sauyee.ftw	0.000000	DAI
sd1111111111	0.000000	DAI
seagirl.ftw	0.000000	DAI
sendeostoent	0.039504	DAI
sendeostoent	0.003771	USDC
sergioo.ftw	0.000000	DAI
shambalabad5	0.000000	DAI
shambalabad5	0.000000	USDC
shinebright1	0.000000	DAI
shinebright1	0.000000	USDC
shiva.x	4.508277	DAI
shiva.x	0.0000	EHEGIC
shorts1.ftw	1.067492	DAI
silverspring	0.000000	DAI
simmsuperann	0.131363	DAI
sinpel.ftw	0.000000	DAI
skbr.ftw	0.000000	DAI
skinnydipper	0.000000	DAI
skinnydipper	0.000000	USDC
skrinkle.ftw	0.199175	DAI
smx.ftw	0.594488	DAI
sniirrdev123	0.000000	DAI
sniirrdev123	0.000000	USDC
sniirrdev123	0.0000	EHEGIC
snortypoo.gm	0.000000	DAI
snortypoo.gm	0.000000	USDC
sovbroooooos	0.000000	DAI
sprypto.ftw	0.712196	DAI
ssoohheeiill	0.000000	DAI
starcree.ftw	1.156640	DAI
steveymonroe	0.000000	DAI
supasaiyajay	0.000000	DAI
supsolutions	0.942415	USDC
sw35xvedt5dd	0.000000	DAI
sw35xvedt5dd	0.000000	USDC
swap.defi	98604.423907	DAI
swap.defi	102358.937608	USDC
swap.pizza	0.000000	DAI
swap.pizza	0.000000	USDC
sx	0.000000	DAI
sx	0.000000	USDC
t3kslv2ndkvi	0.000000	DAI
t3kslv2ndkvi	0.000000	USDC
taggartdagny	0.000000	DAI
taggartdagny	0.000000	USDC
tanxianjun33	0.000000	USDC
tapsalonneke	0.050117	DAI
taxismurfkk3	0.000000	DAI
taxismurfkk3	0.000000	USDC
tehgates.ftw	0.236514	DAI
temnamoney12	0.000000	DAI
temnamoney12	0.000000	USDC
terraeos2535	0.000000	DAI
thankyou.xyz	0.8170	EHEGIC
thanlit.ftw	0.000000	DAI
thematrix.x	2.225397	USDC
tiksson.ftw	1.385886	DAI
tofhdnsrowjd	0.000000	DAI
tomi12345eos	0.000000	DAI
trace23.ftw	0.147803	DAI
trader.sx	0.000000	DAI
trader.sx	0.000000	USDC
trankimluan1	0.308755	DAI
trumpcrypto1	0.000000	DAI
trumpcrypto1	0.000000	USDC
tsimmonds125	0.212437	DAI
tsmiths.ftw	0.000000	DAI
ttrteos1ttrt	0.008624	DAI
ttrteos1ttrt	0.000000	USDC
uchi3l.ftw	0.000000	DAI
uhi1nf1bljck	0.000000	DAI
uhi1nf1bljck	0.000000	USDC
ultnavrzhi11	0.000000	DAI
unkownn.ftw	0.395110	DAI
uohrjilcfsux	0.000000	DAI
uohrjilcfsux	0.000000	USDC
upcaufpyvi5w	0.000000	DAI
upcaufpyvi5w	0.000000	USDC
usernamefive	0.000000	USDC
uxn.ftw	0.000000	DAI
valton.ftw	0.299573	DAI
vceptseosbnk	0.0000	EHEGIC
veghe.ftw	0.000000	DAI
velmplay.ftw	0.000000	DAI
venia13.ftw	0.000000	DAI
verige331133	0.000000	DAI
vestyrunner2	0.000000	USDC
vestyrunner3	0.000000	USDC
vestyrunner3	0.0000	EHEGIC
vestyrunner4	0.0000	EHEGIC
vhegeostest1	0.613044	USDC
vico12.ftw	0.608222	DAI
vin1dog.ftw	0.000000	DAI
visrut123eos	0.000000	DAI
visrut123eos	0.000000	USDC
vqrp3xupo.tp	0.000000	DAI
vqrp3xupo.tp	0.000000	USDC
wadleyaw.ftw	0.000000	DAI
wassatisfied	40.8695	EHEGIC
waterexpress	0.000000	DAI
waterexpress	0.000000	USDC
whowhatwhere	0.000000	DAI
wildeweb.ftw	0.000000	DAI
windermereuk	0.201758	DAI
windermereuk	0.080520	USDC
wizardu.ftw	0.111100	DAI
wuzeen112233	9.830353	USDC
xaxzi.ftw	0.205892	DAI
xbdx3ulqgqdy	0.000000	DAI
xbdx3ulqgqdy	0.000000	USDC
xianiyunwiya	0.000000	DAI
xianiyunwiya	0.000000	USDC
xwelord.ftw	0.278143	DAI
xxxxsinaxxxx	0.000000	USDC
yamazakihaku	0.9953	EHEGIC
yanyanhk.ftw	0.000000	DAI
yoawarpsucqh	5.990140	DAI
ysn51.ftw	0.000000	DAI
yunud.ftw	0.000000	DAI
z1515.ftw	0.820401	DAI
zack.vr	0.000000	DAI
zack.vr	0.000000	USDC
zadeesree123	0.220917	DAI
zadeko.ftw	0.122101	DAI
zdaddy.ftw	1.044899	DAI
zeker.ftw	1.156141	DAI
zflzflzflzfl	0.000000	USDC
zhangqiangid	0.000000	USDC
zippstonnwid	0.000000	DAI
zkiam313bmws	0.000000	DAI
zkiam313bmws	0.000001	USDC
zlosynone123	0.000000	DAI
zphiholdings	0.000000	DAI
zphiholdings	875.138049	USDC
zphiholdings	0.0000	EHEGIC
zuxan.ftw	0.000000	DAI
zzzfastz3133	0.000000	DAI
zzzfastz3133	0.000000	USDC
