account	contract	balance	currency
13v3jeosdac1	depositlp111	0.000000	TRIPOOL
4gzm1rnq2gj2	depositlp111	0.000000	TRIPOOL
54auzjhz2xat	depositlp111	1.018885	TRIPOOL
aboynamedsue	depositlp111	364.524007	TRIPOOL
actualrhythm	depositlp111	0.000000	TRIPOOL
afnsbue4ky5s	depositlp111	2.246056	TRIPOOL
agelospanagi	depositlp111	0.009108	TRIPOOL
akrsmvakrsmv	depositlp111	41.101417	TRIPOOL
alxbransby12	depositlp111	17.544608	TRIPOOL
alxbransby12	depositlp112	0.000000	USNPOOL
alxbransby12	depositlp113	0.000000000	EOSDTPL
alysacytan23	depositlp111	12.828652	TRIPOOL
andydlandsly	depositlp111	3979.043322	TRIPOOL
antidankguns	depositlp111	2.305893	TRIPOOL
aurumforlove	depositlp111	59.519129	TRIPOOL
badasswallet	depositlp111	377.389927	TRIPOOL
bahamabreeze	depositlp111	0.000000	TRIPOOL
bastiaannano	depositlp111	0.000000	TRIPOOL
benjaminrost	depositlp111	0.000000	TRIPOOL
beoscommerce	depositlp111	26.847978	TRIPOOL
blackfalcon1	depositlp111	1995.245307	TRIPOOL
blockstart.z	depositlp111	93820.425167	TRIPOOL
blockstart.z	depositlp112	0.000000	USNPOOL
blockstart.z	depositlp113	0.000000000	EOSDTPL
blockstart.z	depositlp114	0.000000	VIGORPL
bluecrosseos	depositlp111	0.000000	TRIPOOL
boid1metrics	depositlp111	0.000000	TRIPOOL
bon235.ftw	depositlp111	15.009829	TRIPOOL
btcruleworld	depositlp111	6.118609	TRIPOOL
bvnorthameri	depositlp111	352667.985313	TRIPOOL
bvnorthameri	depositlp112	0.000000	USNPOOL
callmedrworm	depositlp111	5048.352469	TRIPOOL
candylandeos	depositlp111	0.000000	TRIPOOL
chaneltellon	depositlp111	150.000000	TRIPOOL
chaneltellon	depositlp112	0.000000	USNPOOL
compubel.biz	depositlp111	0.000000	TRIPOOL
computerchip	depositlp111	0.000000	TRIPOOL
crossrubicon	depositlp111	0.000000	TRIPOOL
cryptobulls1	depositlp111	0.016866	TRIPOOL
cryptogod123	depositlp111	392.035988	TRIPOOL
dappsolution	depositlp111	15.000000	TRIPOOL
dario1cesaro	depositlp111	43.170315	TRIPOOL
darpanhongal	depositlp111	15.097779	TRIPOOL
datazntrader	depositlp111	4984.435158	TRIPOOL
dearprudence	depositlp111	90.158001	TRIPOOL
defitech1111	depositlp114	0.000000	VIGORPL
dilibokidjam	depositlp111	0.000000	TRIPOOL
dilibokidjam	depositlp112	0.000000	USNPOOL
dkeodwcy52ux	depositlp111	0.000000	TRIPOOL
dkeodwcy52ux	depositlp112	0.000000	USNPOOL
dkeodwcy52ux	depositlp113	0.000000000	EOSDTPL
dkeodwcy52ux	depositlp114	0.000000	VIGORPL
dobuoraeosac	depositlp111	0.020642	TRIPOOL
doctaphilphd	depositlp111	0.002342	TRIPOOL
doctordoofus	depositlp111	4.072992	TRIPOOL
dougweisberg	depositlp114	0.000000	VIGORPL
easytoeosshk	depositlp111	0.000000	TRIPOOL
ecrvwpspool1	depositlp111	0.500000	TRIPOOL
ecurvelockup	depositlp111	17.528383	TRIPOOL
ecurvewallet	depositlp111	0.245445	TRIPOOL
edtinezcavzc	depositlp111	0.000000	TRIPOOL
edtinezcavzc	depositlp112	0.000000	USNPOOL
emmaforevery	depositlp111	0.000000	TRIPOOL
emmailoveyou	depositlp111	0.000000	TRIPOOL
endlessmusic	depositlp111	0.808920	TRIPOOL
endoftheroad	depositlp111	7.582488	TRIPOOL
eosbattlewom	depositlp111	3.322508	TRIPOOL
eosblok.mail	depositlp111	0.000000	TRIPOOL
eosflorineos	depositlp111	6.495624	TRIPOOL
eosinvestnow	depositlp111	433.773576	TRIPOOL
eosiodetroit	depositlp111	2913.249573	TRIPOOL
eoskittyhawk	depositlp111	150.027963	TRIPOOL
eosknplecas5	depositlp111	0.000000	TRIPOOL
eosknplecas5	depositlp112	0.000000	USNPOOL
eosknplecas5	depositlp113	0.000000000	EOSDTPL
eosknplecas5	depositlp114	0.000000	VIGORPL
eosmarhafasa	depositlp111	0.001387	TRIPOOL
equilibrated	depositlp111	0.668298	TRIPOOL
eschatologic	depositlp111	1.352830	TRIPOOL
euphoricsean	depositlp111	49.680152	TRIPOOL
fabioetotoro	depositlp111	65.947197	TRIPOOL
familytrust5	depositlp111	0.000000	TRIPOOL
fn25mft4qalp	depositlp111	0.000000	TRIPOOL
frescodieoss	depositlp111	0.109566	TRIPOOL
futureminute	depositlp111	0.000000	TRIPOOL
futureminute	depositlp112	0.000000	USNPOOL
g43tinbwg4ge	depositlp111	0.000000	TRIPOOL
g4ytaojqg4ge	depositlp111	0.371874	TRIPOOL
gabitrage.tp	depositlp111	0.000000	TRIPOOL
gaingaingain	depositlp111	0.000000	TRIPOOL
gardenisland	depositlp111	0.000000	TRIPOOL
gazdufbogade	depositlp111	0.000000	TRIPOOL
ge3donruhage	depositlp111	1884.868587	TRIPOOL
ge3donruhage	depositlp113	0.000000000	EOSDTPL
ge4dgnjygege	depositlp111	5.470720	TRIPOOL
ge4dinzzgyge	depositlp111	0.677177	TRIPOOL
geydenbyhege	depositlp111	0.000000	TRIPOOL
geytenzrhage	depositlp111	13.310026	TRIPOOL
geytiojugene	depositlp111	7239.238478	TRIPOOL
geytomrsgmge	depositlp111	9.966721	TRIPOOL
gez4dauyhage	depositlp111	49.732648	TRIPOOL
gez4dauyhage	depositlp112	0.000000	USNPOOL
gezdqnjtgene	depositlp111	23.201980	TRIPOOL
ggdgpcfxoyhr	depositlp111	352.966795	TRIPOOL
ggdgpcfxoyhr	depositlp112	23.322934	USNPOOL
ggdgpcfxoyhr	depositlp113	9.111234418	EOSDTPL
ggdgpcfxoyhr	depositlp114	10.692124	VIGORPL
gi2tamzzgege	depositlp111	59.225738	TRIPOOL
gi2tgmjrgege	depositlp111	0.063346	TRIPOOL
gi2tkmzxgyge	depositlp111	0.000000	TRIPOOL
gi4paklorezw	depositlp111	0.000000	TRIPOOL
gisclerc1234	depositlp111	193.756540	TRIPOOL
gizdcmjrgage	depositlp111	0.000000	TRIPOOL
gm2dgmzzgige	depositlp111	1253.154545	TRIPOOL
gm4tkojxgene	depositlp111	0.003460	TRIPOOL
gmydkmbrgyge	depositlp111	32.833405	TRIPOOL
gmydombrgege	depositlp111	3368.310486	TRIPOOL
gmytmnjvgqge	depositlp111	1280.162171	TRIPOOL
gmzdonjwgyge	depositlp111	34946.681276	TRIPOOL
googlegoogol	depositlp111	11207.185780	TRIPOOL
googlegoogol	depositlp112	0.000000	USNPOOL
googoogoo111	depositlp111	0.000000	TRIPOOL
gq2tamzthage	depositlp111	0.045108	TRIPOOL
gq3dsnbugage	depositlp111	50.002435	TRIPOOL
gqydcmrtgege	depositlp111	0.000000	TRIPOOL
gqztambxhage	depositlp111	0.000000	TRIPOOL
gqztamrzhage	depositlp111	0.000000	TRIPOOL
grizzlybears	depositlp111	0.000000	TRIPOOL
gu2demrsguge	depositlp111	0.000000	TRIPOOL
gu2dmmzxg4ge	depositlp111	0.000000	TRIPOOL
gu2dmmzxg4ge	depositlp112	0.000000	USNPOOL
gu2dmnrshege	depositlp111	0.000000	TRIPOOL
gu2tmnbygmge	depositlp111	2.000000	TRIPOOL
gu2tmnbygmge	depositlp114	0.300000	VIGORPL
gu3daobqgige	depositlp111	0.415176	TRIPOOL
gu3daobqgige	depositlp112	0.000000	USNPOOL
gu3demjzgqge	depositlp111	0.000000	TRIPOOL
gu3dmnzshege	depositlp111	106.617201	TRIPOOL
gu4dgmzugmge	depositlp111	0.000000	TRIPOOL
gu4dsobuhage	depositlp111	0.000000	TRIPOOL
gu4tkobwgage	depositlp111	0.000000	TRIPOOL
guibsatika14	depositlp111	0.246230	TRIPOOL
guruyettullo	depositlp111	0.000000	TRIPOOL
guzdgmrwgyge	depositlp111	0.000000	TRIPOOL
guzdsmrugege	depositlp111	0.000000	TRIPOOL
guzdsobwg4ge	depositlp111	0.000000	TRIPOOL
gy2danzsgege	depositlp111	314.128292	TRIPOOL
gy2deojrgige	depositlp111	0.040612	TRIPOOL
gy2dmmbqgege	depositlp111	41.379018	TRIPOOL
gy2donjwhege	depositlp111	0.000000	TRIPOOL
gy3tsnrzgqge	depositlp111	131.572918	TRIPOOL
gy4taojrguge	depositlp111	0.002990	TRIPOOL
gyzdmoigenes	depositlp111	15.660830	TRIPOOL
h1a2z3e4l.tp	depositlp111	10.428212	TRIPOOL
ha2tomjygege	depositlp111	0.000000	TRIPOOL
ha3tinjyhege	depositlp111	0.467888	TRIPOOL
ha3tknjvg4ge	depositlp111	0.000000	TRIPOOL
ha4dsojwhage	depositlp111	0.000000	TRIPOOL
ha4tinzqgyge	depositlp111	0.006870	TRIPOOL
ha4tmnjrgyge	depositlp111	42741.678376	TRIPOOL
hafsaasyatah	depositlp111	0.010726	TRIPOOL
hamsterdance	depositlp111	0.000000	TRIPOOL
hezdgojvgmge	depositlp111	791.182909	TRIPOOL
hezdmmzrgyge	depositlp111	518.245331	TRIPOOL
hezdsmbugige	depositlp111	0.000000	TRIPOOL
hhloveshim31	depositlp111	7438.815721	TRIPOOL
hhloveshim31	depositlp112	998.557787	USNPOOL
hotwallet.x	depositlp111	117917.056009	TRIPOOL
hpvniufabtyb	depositlp111	0.000000	TRIPOOL
hpvniufabtyb	depositlp112	0.000000	USNPOOL
ianjeffreys1	depositlp111	0.000000	TRIPOOL
imgamehunter	depositlp111	0.000000	TRIPOOL
imgamehunter	depositlp112	0.000000	USNPOOL
initialch123	depositlp111	0.000000	TRIPOOL
invest.ar	depositlp111	0.000000	TRIPOOL
irish2camper	depositlp111	7.649117	TRIPOOL
jablanjablan	depositlp111	0.000000	TRIPOOL
jackson12345	depositlp111	183.128998	TRIPOOL
jamestaggart	depositlp113	0.000000000	EOSDTPL
jbucksteiner	depositlp114	2359.547761	VIGORPL
jdevora.hodl	depositlp111	0.000103	TRIPOOL
joneoswallet	depositlp111	69.373576	TRIPOOL
joneoswallet	depositlp112	0.000000	USNPOOL
keithedwards	depositlp111	2.409615	TRIPOOL
klttynrkao25	depositlp111	1566.857972	TRIPOOL
labellavita1	depositlp111	0.000000	TRIPOOL
lacarteraeos	depositlp111	0.002554	TRIPOOL
leonpotthoff	depositlp111	0.000000	TRIPOOL
locatewealth	depositlp111	764.281286	TRIPOOL
locatewealth	depositlp112	0.000000	USNPOOL
lovesoyoung2	depositlp111	13467.485678	TRIPOOL
luangprabang	depositlp111	0.000000	TRIPOOL
lukesaccount	depositlp111	0.000000	TRIPOOL
lyirtatiem21	depositlp111	228.439862	TRIPOOL
makingmonies	depositlp111	301.279847	TRIPOOL
makingmonies	depositlp112	1500.000000	USNPOOL
makingmonies	depositlp113	0.000000000	EOSDTPL
makingmonies	depositlp114	0.000000	VIGORPL
maladjustive	depositlp111	1582.279955	TRIPOOL
maltaeosprog	depositlp111	0.000012	TRIPOOL
manager4defi	depositlp111	97.777291	TRIPOOL
manjoorelahi	depositlp111	0.000000	TRIPOOL
manofnewyork	depositlp111	436.996892	TRIPOOL
markwellseos	depositlp111	0.000000	TRIPOOL
markwellseos	depositlp112	0.000000	USNPOOL
marshmellows	depositlp111	0.000000	TRIPOOL
martybrennan	depositlp111	0.000000	TRIPOOL
matthewadams	depositlp111	0.000000	TRIPOOL
maxocoin.net	depositlp111	8.845086	TRIPOOL
maxocoinxxxx	depositlp111	34.171416	TRIPOOL
mbxgkvsy4ynm	depositlp111	405.662260	TRIPOOL
mbxgkvsy4ynm	depositlp112	28.249172	USNPOOL
mbxgkvsy4ynm	depositlp113	8.586062308	EOSDTPL
mbxgkvsy4ynm	depositlp114	10.550740	VIGORPL
meistergamer	depositlp111	0.996751	TRIPOOL
melxisedek15	depositlp111	0.823313	TRIPOOL
mohamed12.m	depositlp111	17.101584	TRIPOOL
moonmarshold	depositlp111	0.000000	TRIPOOL
morrisville1	depositlp111	0.000534	TRIPOOL
mosstheboss1	depositlp111	0.000000	TRIPOOL
mysteorrrrrr	depositlp111	5.467827	TRIPOOL
mysteorrrrrr	depositlp112	1.140552	USNPOOL
mysteorrrrrr	depositlp113	0.700000000	EOSDTPL
mznaeosfunds	depositlp111	0.000000	TRIPOOL
nbc2222eosch	depositlp114	0.000000	VIGORPL
nooneiscomin	depositlp111	0.000000	TRIPOOL
overthefalls	depositlp111	377.707396	TRIPOOL
ownerkeypair	depositlp111	301.015333	TRIPOOL
oxobank.bank	depositlp111	0.000000	TRIPOOL
oxobank.hodl	depositlp111	0.000000	TRIPOOL
passivemoney	depositlp111	0.000000	TRIPOOL
passivemoney	depositlp112	0.000000	USNPOOL
patriotsoath	depositlp111	357.584295	TRIPOOL
peregrintook	depositlp111	5.824399	TRIPOOL
pgvbldq43nhu	depositlp111	0.000000	TRIPOOL
playwithfire	depositlp111	375.336424	TRIPOOL
primenumber2	depositlp111	1.580329	TRIPOOL
prospectgold	depositlp111	619.270944	TRIPOOL
prospergrit1	depositlp111	0.022036	TRIPOOL
pursang13you	depositlp111	0.203494	TRIPOOL
pzamoonfunds	depositlp111	0.986970	TRIPOOL
queenapple14	depositlp111	0.000000	TRIPOOL
quiver.eos	depositlp111	0.000000	TRIPOOL
rachbioinair	depositlp111	0.000000	TRIPOOL
rastilonlon1	depositlp111	0.000000	TRIPOOL
realestatehi	depositlp111	0.000000	TRIPOOL
reeeeeeeeekt	depositlp111	0.000000	TRIPOOL
rickiestrick	depositlp111	0.000000	TRIPOOL
ricosilvabra	depositlp111	0.000000	TRIPOOL
robotization	depositlp111	0.000000	TRIPOOL
robvrichards	depositlp111	679.913561	TRIPOOL
romans1x2abc	depositlp111	54.886234	TRIPOOL
romans1x2abc	depositlp113	30.315458006	EOSDTPL
sagittariusa	depositlp111	20.351593	TRIPOOL
saintpadrepi	depositlp111	3.524555	TRIPOOL
savagelitone	depositlp111	0.010878	TRIPOOL
sdhrjdddjkuu	depositlp111	0.000000	TRIPOOL
sendeostoent	depositlp111	0.003616	TRIPOOL
senoisierors	depositlp111	0.000000	TRIPOOL
seranigirl15	depositlp111	8.918886	TRIPOOL
shambalabad5	depositlp111	0.000000	TRIPOOL
shambalabad5	depositlp112	0.000000	USNPOOL
shinebright1	depositlp111	0.000000	TRIPOOL
silverspring	depositlp111	10.000000	TRIPOOL
silverspring	depositlp112	0.000000	USNPOOL
simmsuperann	depositlp111	0.133259	TRIPOOL
simonsimon11	depositlp111	29.894798	TRIPOOL
skinnydipper	depositlp111	4.331372	TRIPOOL
sniirrdev123	depositlp111	0.000000	TRIPOOL
sniirrdev123	depositlp112	56.119953	USNPOOL
sniirrdev123	depositlp113	0.000000000	EOSDTPL
sniirrdev123	depositlp114	0.000000	VIGORPL
stas14kruk14	depositlp111	0.000000	TRIPOOL
supsolutions	depositlp111	0.000000	TRIPOOL
swedeniceman	depositlp111	0.000000	TRIPOOL
sx	depositlp111	0.000000	TRIPOOL
tamanontaiva	depositlp111	0.001303	TRIPOOL
taxismurfkk3	depositlp111	0.000000	TRIPOOL
taxismurfkk3	depositlp112	0.000000	USNPOOL
temnamoney12	depositlp111	559.437810	TRIPOOL
tigertrallal	depositlp111	0.000000	TRIPOOL
tonnoaccount	depositlp111	0.000000	TRIPOOL
trumpcrypto1	depositlp111	72.685027	TRIPOOL
tseyt3114225	depositlp111	204.583608	TRIPOOL
tsimmonds125	depositlp111	0.218405	TRIPOOL
ttrteos1ttrt	depositlp111	0.000000	TRIPOOL
uohrjilcfsux	depositlp111	15942.747037	TRIPOOL
upcaufpyvi5w	depositlp111	899.493061	TRIPOOL
vceptseosbnk	depositlp111	0.000000	TRIPOOL
vceptseosbnk	depositlp112	0.000000	USNPOOL
verige331133	depositlp111	0.000000	TRIPOOL
verige331133	depositlp112	0.000000	USNPOOL
verige331133	depositlp114	0.000000	VIGORPL
vestyrunner2	depositlp111	0.000000	TRIPOOL
vestyrunner3	depositlp111	0.000000	TRIPOOL
vigordacltd5	depositlp114	1003.526727	VIGORPL
vqrp3xupo.tp	depositlp111	0.000000	TRIPOOL
vqrp3xupo.tp	depositlp112	0.000000	USNPOOL
waterexpress	depositlp111	0.000000	TRIPOOL
whowhatwhere	depositlp111	0.000000	TRIPOOL
whowhatwhere	depositlp112	0.000000	USNPOOL
windermereuk	depositlp111	0.395472	TRIPOOL
xbdx3ulqgqdy	depositlp111	0.000000	TRIPOOL
xbdx3ulqgqdy	depositlp112	0.000000	USNPOOL
xianiyunwiya	depositlp111	414.283319	TRIPOOL
zack.vr	depositlp111	16.047087	TRIPOOL
zphiholdings	depositlp111	3703055.242568	TRIPOOL
zphiholdings	depositlp112	270818.748293	USNPOOL
zphiholdings	depositlp113	73253.332790125	EOSDTPL
zphiholdings	depositlp114	78270.956264	VIGORPL
