account	balance	currency
4gzm1rnq2gj2	6290209	BOXAUQ
akrsmvakrsmv	0	BOXAUQ
alxbransby12	0	BOXAUQ
andydlandsly	5029422	BOXAUQ
anoxeosfakir	50	BOXAUQ
blockstart.z	97337290	BOXAUQ
bvnorthameri	370939549	BOXAUQ
cryptogod123	0	BOXAUQ
dilibokidjam	40234	BOXAUQ
dkeodwcy52ux	0	BOXAUQ
eosknplecas5	99601895	BOXAUQ
equilibrated	0	BOXAUQ
familytrust5	0	BOXAUQ
futureminute	0	BOXAUQ
ge3donruhage	3626571	BOXAUQ
ggdgpcfxoyhr	271646	BOXAUQ
googlegoogol	24481976	BOXAUQ
gq4danzvgyge	0	BOXAUQ
grizzlybears	0	BOXAUQ
gu3dmnzshege	0	BOXAUQ
guruyettullo	0	BOXAUQ
gyzdmoigenes	18606041	BOXAUQ
ha3tknjvg4ge	0	BOXAUQ
haztqnjuhage	0	BOXAUQ
hhloveshim31	6265266	BOXAUQ
joneoswallet	0	BOXAUQ
locatewealth	0	BOXAUQ
lovesoyoung2	120443250	BOXAUQ
makingmonies	31119503	BOXAUQ
martybrennan	0	BOXAUQ
mbxgkvsy4ynm	819040	BOXAUQ
moonmarshold	0	BOXAUQ
mysteorrrrrr	867451	BOXAUQ
ricosilvabra	0	BOXAUQ
romans1x2abc	474488	BOXAUQ
shambalabad5	0	BOXAUQ
sniirrdev123	16431594	BOXAUQ
verige331133	0	BOXAUQ
vqrp3xupo.tp	0	BOXAUQ
whowhatwhere	0	BOXAUQ
zphiholdings	3735358512	BOXAUQ
