account	balance	currency
4gzm1rnq2gj2	6293174	BOXAVG
akrsmvakrsmv	0	BOXAVG
alxbransby12	0	BOXAVG
anoxeosfakir	1050	BOXAVG
antidankguns	0	BOXAVG
blockstart.z	160510006	BOXAVG
bvnorthameri	559943859	BOXAVG
cryptogod123	0	BOXAVG
dkeodwcy52ux	0	BOXAVG
edtinezcavzc	0	BOXAVG
eosinvestnow	44551873	BOXAVG
eosknplecas5	101442624	BOXAVG
equilibrated	0	BOXAVG
eschatologic	0	BOXAVG
futureminute	0	BOXAVG
ggdgpcfxoyhr	250788	BOXAVG
googlegoogol	24518069	BOXAVG
gu3dmnzshege	0	BOXAVG
guruyettullo	0	BOXAVG
gyzdmoigenes	1875723	BOXAVG
ha3tiobxgmge	7387120	BOXAVG
haztqnjuhage	0	BOXAVG
hezdgojvgmge	0	BOXAVG
hhloveshim31	6269367	BOXAVG
hotwallet.x	77448010	BOXAVG
joneoswallet	0	BOXAVG
locatewealth	156487943	BOXAVG
lovesoyoung2	120096231	BOXAVG
makingmonies	32194394	BOXAVG
manjoorelahi	0	BOXAVG
martybrennan	0	BOXAVG
mbxgkvsy4ynm	678748	BOXAVG
moonmarshold	0	BOXAVG
mysteorrrrrr	869958	BOXAVG
rickiestrick	0	BOXAVG
ricosilvabra	0	BOXAVG
romans1x2abc	455678	BOXAVG
sagittariusa	0	BOXAVG
shambalabad5	0	BOXAVG
sniirrdev123	12830793	BOXAVG
usernamefive	0	BOXAVG
vestyrunner2	0	BOXAVG
vqrp3xupo.tp	0	BOXAVG
zphiholdings	3307758893	BOXAVG
