account	balance	currency
13v3jeosdac1	0	BOXAYP
4gzm1rnq2gj2	600000000	BOXAYP
akrsmvakrsmv	0	BOXAYP
alxbransby12	0	BOXAYP
blockstart.z	1703291585	BOXAYP
bon235.ftw	3832904	BOXAYP
bvnorthameri	8188750857	BOXAYP
dkeodwcy52ux	0	BOXAYP
emmaforevery	0	BOXAYP
eosknplecas5	2690197880	BOXAYP
equilibrated	0	BOXAYP
futureminute	0	BOXAYP
g43tinbwg4ge	0	BOXAYP
ggdgpcfxoyhr	6481969	BOXAYP
googlegoogol	476402662	BOXAYP
gq3dsnbugage	47684689	BOXAYP
grizzlybears	0	BOXAYP
guruyettullo	0	BOXAYP
guzdsobwg4ge	0	BOXAYP
ha3tknjvg4ge	0	BOXAYP
hhloveshim31	187313180	BOXAYP
imgamehunter	0	BOXAYP
joneoswallet	0	BOXAYP
labellavita1	0	BOXAYP
locatewealth	21731329574	BOXAYP
makingmonies	1017812366	BOXAYP
martybrennan	0	BOXAYP
mbxgkvsy4ynm	12062243	BOXAYP
moonmarshold	0	BOXAYP
mysteorrrrrr	284330167	BOXAYP
pigdogsurfer	0	BOXAYP
quiver.eos	0	BOXAYP
ricosilvabra	0	BOXAYP
sniirrdev123	0	BOXAYP
verige331133	0	BOXAYP
vqrp3xupo.tp	0	BOXAYP
whowhatwhere	0	BOXAYP
zack.vr	0	BOXAYP
zphiholdings	85774910538	BOXAYP
