account	balance	currency
13v3jeosdac1	0	BOXAYO
4gzm1rnq2gj2	660639273	BOXAYO
alxbransby12	0	BOXAYO
anoxeosfakir	100	BOXAYO
blockstart.z	3030278227	BOXAYO
bvnorthameri	18280123503	BOXAYO
dilibokidjam	0	BOXAYO
dkeodwcy52ux	0	BOXAYO
emmaforevery	0	BOXAYO
eosinvestnow	4809899731	BOXAYO
eosknplecas5	3404387414	BOXAYO
equilibrated	0	BOXAYO
futureminute	0	BOXAYO
g43tinbwg4ge	0	BOXAYO
ggdgpcfxoyhr	8321598	BOXAYO
googlegoogol	360121811	BOXAYO
grizzlybears	0	BOXAYO
guruyettullo	0	BOXAYO
hhloveshim31	197389155	BOXAYO
imgamehunter	0	BOXAYO
irish2camper	0	BOXAYO
joneoswallet	0	BOXAYO
locatewealth	21699954463	BOXAYO
lovesoyoung2	789462788	BOXAYO
makingmonies	823315076	BOXAYO
martybrennan	0	BOXAYO
mbxgkvsy4ynm	15239978	BOXAYO
moonmarshold	0	BOXAYO
mysteorrrrrr	2017349	BOXAYO
rickiestrick	0	BOXAYO
ricosilvabra	0	BOXAYO
sniirrdev123	0	BOXAYO
vestyrunner2	0	BOXAYO
vestyrunner3	0	BOXAYO
vqrp3xupo.tp	0	BOXAYO
zack.vr	0	BOXAYO
zphiholdings	101250082014	BOXAYO
