account	balance	currency
13v3jeosdac1	0.000000	TRIPOOL
23fzbc1hbnur	0.000502	TRIPOOL
2muchforyou2	0.000626	TRIPOOL
4gzm1rnq2gj2	81.018399	TRIPOOL
54auzjhz2xat	0.000000	TRIPOOL
abc.xyz	0.002434	TRIPOOL
abcdabcd1234	32.878866	TRIPOOL
aboynamedsue	0.432066	TRIPOOL
actualrhythm	0.000000	TRIPOOL
afnsbue4ky5s	0.186914	TRIPOOL
agelospanagi	0.000000	TRIPOOL
akrsmvakrsmv	0.000000	TRIPOOL
alxbransby12	0.000000	TRIPOOL
alxbransby12	0.000000	USNPOOL
alxbransby12	0.000000976	EOSDTPL
alysacytan23	0.000000	TRIPOOL
andydlandsly	0.000000	TRIPOOL
anhanhanhanh	0.000091	TRIPOOL
anoxeosfakir	0.000067	TRIPOOL
antidankguns	0.000000	TRIPOOL
apollotwelve	0.003074	TRIPOOL
armerino1.tp	0.012718	TRIPOOL
aurumforlove	0.637609	TRIPOOL
badasswallet	0.470665	TRIPOOL
bahamabreeze	0.000001	TRIPOOL
bastiaan2222	0.011620	TRIPOOL
bastiaannano	0.000000	TRIPOOL
benjaminrost	0.000000	TRIPOOL
beoscommerce	0.072317	TRIPOOL
bigbluewhale	4.984589	TRIPOOL
blackfalcon1	5.752048	TRIPOOL
blockstart.z	30.632241	TRIPOOL
blockstart.z	0.000001	USNPOOL
blockstart.z	0.000000	VIGORPL
blockstart.z	0.000000786	EOSDTPL
bluecrosseos	0.003078	TRIPOOL
boid1metrics	0.000000	TRIPOOL
bplischk1.m	0.000962	TRIPOOL
btcruleworld	0.000000	TRIPOOL
bvnorthameri	0.000000	TRIPOOL
bvnorthameri	0.000000	USNPOOL
callmedrworm	41.417584	TRIPOOL
candylandeos	0.000000	TRIPOOL
chaneltellon	0.000000	TRIPOOL
chaneltellon	0.000000	USNPOOL
compubel.biz	0.000000	TRIPOOL
computerchip	0.000573	TRIPOOL
coolusername	1.438511	TRIPOOL
countryroads	0.001226	TRIPOOL
crossrubicon	0.000000	TRIPOOL
cryptobulls1	0.000000	TRIPOOL
cryptogod123	1.084810	TRIPOOL
cryptomestic	198.804101	TRIPOOL
dappsolution	0.031576	TRIPOOL
dapsolutions	1.352928	TRIPOOL
dario1cesaro	0.000000	TRIPOOL
dariocesaro1	0.180841	TRIPOOL
darpanhongal	0.000000	TRIPOOL
datazntrader	0.597789	TRIPOOL
dearprudence	0.102971	TRIPOOL
defistrategy	2.483357	TRIPOOL
defitech1111	0.000000	TRIPOOL
defitech1111	0.000000	VIGORPL
denis.gm	0.000000	TRIPOOL
depositeosdt	49023.473592	TRIPOOL
depositlp111	4442981.670872	TRIPOOL
depositlp112	273426.138691	USNPOOL
depositlp113	73302.045544857	EOSDTPL
depositlp114	81655.573616	VIGORPL
depositusn11	146115.039664	TRIPOOL
depositvigor	63425.458970	TRIPOOL
dexaccountxx	0.029311	TRIPOOL
didnt1able44	0.000008	TRIPOOL
dilibokidjam	0.001026	TRIPOOL
dilibokidjam	0.000000	USNPOOL
dkeodwcy52ux	0.000000	TRIPOOL
dkeodwcy52ux	0.000000	USNPOOL
dkeodwcy52ux	0.000000	VIGORPL
dkeodwcy52ux	0.000000126	EOSDTPL
dobuoraeosac	0.025030	TRIPOOL
doctaphilphd	0.000269	TRIPOOL
doctordoofus	0.237530	TRIPOOL
dougweisberg	0.000000	TRIPOOL
dougweisberg	0.000000	VIGORPL
easytoeosshk	0.000000	TRIPOOL
ecrvadminfee	2406.339840	TRIPOOL
ecrveosdtpol	0.000000	TRIPOOL
ecrveosdtpol	0.000000000	EOSDTPL
ecrvusnpool1	0.000000	TRIPOOL
ecrvusnpool1	0.000000	USNPOOL
ecrvvigorpol	0.000000	TRIPOOL
ecrvvigorpol	0.000000	VIGORPL
ecrvwpspool1	0.000000	TRIPOOL
ecurve3pool1	0.000000	TRIPOOL
ecurvelockup	0.000000	TRIPOOL
ecurvewallet	0.026910	TRIPOOL
edtinezcavzc	1.242962	TRIPOOL
edtinezcavzc	0.000000	USNPOOL
emmaforevery	0.000000	TRIPOOL
emmailoveyou	0.922562	TRIPOOL
endlessmusic	0.227540	TRIPOOL
endoftheroad	0.019125	TRIPOOL
englandsking	0.001322	TRIPOOL
eosaccountx3	0.054532	TRIPOOL
eosbattlewom	0.011144	TRIPOOL
eosblok.mail	1.443253	TRIPOOL
eosflorineos	0.000000	TRIPOOL
eoshernaneos	0.047646	TRIPOOL
eoshomeland1	0.006564	TRIPOOL
eosinvestnow	0.559986	TRIPOOL
eosiodetroit	12.939049	TRIPOOL
eoskittyhawk	0.408798	TRIPOOL
eosknplecas5	0.000000	TRIPOOL
eosknplecas5	0.000000	USNPOOL
eosknplecas5	0.000000	VIGORPL
eosknplecas5	0.000000561	EOSDTPL
eosmarhafasa	0.000000	TRIPOOL
eosramazotti	0.001092	TRIPOOL
eostrustfund	0.009611	TRIPOOL
equilibrated	0.000000	TRIPOOL
eschatologic	0.358009	TRIPOOL
euphoricsean	0.000000	TRIPOOL
fabioetotoro	0.047897	TRIPOOL
familytrust5	0.279049	TRIPOOL
fee.pizza	0.000556	TRIPOOL
fn25mft4qalp	0.000000	TRIPOOL
frescodieoss	0.000000	TRIPOOL
fudge2packer	0.000000	TRIPOOL
futureminute	0.000000	TRIPOOL
futureminute	0.000000	USNPOOL
g43tinbwg4ge	0.000000	TRIPOOL
g44dknjvhage	0.993373	TRIPOOL
g4ydkmjvgene	0.150510	TRIPOOL
g4ytaojqg4ge	0.000000	TRIPOOL
gabitrage.tp	0.000000	TRIPOOL
gaingaingain	0.000000	TRIPOOL
gardenisland	0.569245	TRIPOOL
gazdufbogade	0.000000	TRIPOOL
ge2tanbrgige	9.422417	TRIPOOL
ge3donruhage	0.000000	TRIPOOL
ge3donruhage	0.000000026	EOSDTPL
ge4dgnjygege	0.000000	TRIPOOL
ge4dinzzgyge	0.000000	TRIPOOL
geydenbyhege	0.000000	TRIPOOL
geytenzrhage	0.000000	TRIPOOL
geytiojugene	0.000000	TRIPOOL
geytomrsgmge	0.000000	TRIPOOL
gez4dauyhage	0.000373	TRIPOOL
gez4dauyhage	0.000000	USNPOOL
gezdqnjtgene	1.575745	TRIPOOL
ggdgpcfxoyhr	0.000000	TRIPOOL
ggdgpcfxoyhr	0.000000	USNPOOL
ggdgpcfxoyhr	0.000000	VIGORPL
ggdgpcfxoyhr	0.000000000	EOSDTPL
gi2tamzzgege	0.000000	TRIPOOL
gi2tenbwgene	0.000000	TRIPOOL
gi2tgmjrgege	0.037906	TRIPOOL
gi2tkmzxgyge	0.016379	TRIPOOL
gi4dqmzshage	0.000640	TRIPOOL
gi4paklorezw	0.000000	TRIPOOL
gisclerc1234	0.000000	TRIPOOL
gizdcmjrgage	0.000000	TRIPOOL
gm2dgmzzgige	0.000000	TRIPOOL
gm2dsnbrguge	0.045487	TRIPOOL
gm3teojthage	0.020501	TRIPOOL
gm4tcmbqgqge	0.736823	TRIPOOL
gm4tkojxgene	0.000000	TRIPOOL
gmydkmbrgyge	0.004465	TRIPOOL
gmydombrgege	4.707789	TRIPOOL
gmytmnjvgqge	0.224691	TRIPOOL
gmzdonjwgyge	7.508610	TRIPOOL
googlegoogol	0.000000	TRIPOOL
googlegoogol	0.000000	USNPOOL
googoogoo111	0.000000	TRIPOOL
gq2tamzthage	8.052340	TRIPOOL
gq2tqmbwgige	0.001340	TRIPOOL
gq3dsnbugage	0.273630	TRIPOOL
gq3tcnbzg4ge	0.125180	TRIPOOL
gq4danzvgyge	0.009301	TRIPOOL
gqydcmrtgege	0.000000	TRIPOOL
gqztambxhage	0.000000	TRIPOOL
gqztamrzhage	0.183728	TRIPOOL
gqztgmryguge	0.256643	TRIPOOL
grizzlybears	0.000000	TRIPOOL
gu2demrsguge	0.040119	TRIPOOL
gu2dgmzwgege	0.002052	TRIPOOL
gu2dmmzxg4ge	2.193594	TRIPOOL
gu2dmmzxg4ge	0.000000	USNPOOL
gu2dmnrshege	0.000000	TRIPOOL
gu2tgobxgmge	0.000007	TRIPOOL
gu2tmnbygmge	0.215817	TRIPOOL
gu2tmnbygmge	0.000000	VIGORPL
gu2tsmrxgage	36.232375	TRIPOOL
gu3daobqgige	0.282528	TRIPOOL
gu3daobqgige	0.000000	USNPOOL
gu3demjzgqge	0.068826	TRIPOOL
gu3dmnzshege	0.071038	TRIPOOL
gu4dgmzugmge	0.000000	TRIPOOL
gu4dsobuhage	0.003333	TRIPOOL
gu4tkobwgage	0.008054	TRIPOOL
guibsatika14	0.000000	TRIPOOL
guruyettullo	0.483223	TRIPOOL
guzdgmrwgyge	0.000000	TRIPOOL
guzdgnzwhage	0.081756	TRIPOOL
guzdsmrugege	5.623716	TRIPOOL
guzdsobwg4ge	0.008945	TRIPOOL
guztqnzyhege	7.069052943	EOSDTPL
gy2danzsgege	0.000000	TRIPOOL
gy2deojrgige	0.017034	TRIPOOL
gy2dmmbqgege	0.125395	TRIPOOL
gy2donjwhege	0.000000	TRIPOOL
gy3dcobqgyge	0.137630	TRIPOOL
gy3tcmbzgage	0.000723	TRIPOOL
gy3tsnrzgqge	0.000000	TRIPOOL
gy4taojrguge	0.000660	TRIPOOL
gyzdmoigenes	0.000000	TRIPOOL
gyzdqnrrgqge	0.000918	TRIPOOL
gyztimzshage	36.718351	TRIPOOL
h1a2z3e4l.tp	0.009542	TRIPOOL
ha2tomjygege	0.000000	TRIPOOL
ha3tinjyhege	0.000000	TRIPOOL
ha3tiobxgmge	0.009721	TRIPOOL
ha3tknjvg4ge	0.000246	TRIPOOL
ha4dsojwhage	2.519037	TRIPOOL
ha4tinzqgyge	0.000000	TRIPOOL
ha4tmnjrgyge	20.395339	TRIPOOL
hafsaasyatah	0.000000	TRIPOOL
hamsterdance	0.002114	TRIPOOL
haztqnjuhage	0.000006	TRIPOOL
hezdgojvgmge	0.468806	TRIPOOL
hezdmmzrgyge	0.000000	TRIPOOL
hezdsmbugige	0.000000	TRIPOOL
hhloveshim31	0.298720	TRIPOOL
hhloveshim31	0.000000	USNPOOL
homersaysdoh	0.001724	TRIPOOL
hotwallet.x	0.000000	TRIPOOL
hpvniufabtyb	0.804591	TRIPOOL
hpvniufabtyb	0.000000	USNPOOL
ianjeffreys1	0.000000	TRIPOOL
ihashfuryeos	0.000000	TRIPOOL
imgamehunter	0.000000	TRIPOOL
imgamehunter	0.000000	USNPOOL
initialch123	0.000000	TRIPOOL
invest.ar	6.193401	TRIPOOL
irish2camper	3.337696	TRIPOOL
iwalktheline	0.025149	TRIPOOL
jablanjablan	0.000000	TRIPOOL
jackpotpoker	0.043339	TRIPOOL
jackson12345	0.679027	TRIPOOL
jamestaggart	0.000000	TRIPOOL
jamestaggart	0.000000345	EOSDTPL
jbucksteiner	0.029074	TRIPOOL
jbucksteiner	0.000000	VIGORPL
jdevora.hodl	0.000058	TRIPOOL
joneoswallet	0.000000	TRIPOOL
joneoswallet	0.000000	USNPOOL
jueviole2125	0.000000	TRIPOOL
keithedwards	0.000000	TRIPOOL
klttynrkao25	0.000000	TRIPOOL
kstockstill1	0.111166	TRIPOOL
labellavita1	0.000000	TRIPOOL
lacarteraeos	0.000000	TRIPOOL
lambo.bank	0.000000	TRIPOOL
lend.pizza	0.000000	TRIPOOL
leonpotthoff	0.001466	TRIPOOL
letscodenow1	1.484444	TRIPOOL
locatewealth	0.000000	TRIPOOL
locatewealth	0.000000	USNPOOL
lovesoyoung2	2.594181	TRIPOOL
luangprabang	0.000000	TRIPOOL
lukesaccount	0.000000	TRIPOOL
lyirtatiem21	0.000000	TRIPOOL
makingmonies	0.000000	TRIPOOL
makingmonies	0.000000	USNPOOL
makingmonies	0.000000	VIGORPL
makingmonies	0.000000500	EOSDTPL
maladjustive	1.900917	TRIPOOL
maltaeosprog	0.000000	TRIPOOL
manager4defi	0.000000	TRIPOOL
manjoorelahi	0.000476	TRIPOOL
manofnewyork	0.525509	TRIPOOL
manoftheyear	0.005244	TRIPOOL
markmainacct	0.000596	TRIPOOL
markwellseos	0.798867	TRIPOOL
markwellseos	210.971661	USNPOOL
marshmellows	0.000000	TRIPOOL
martybrennan	0.945577	TRIPOOL
matthewadams	0.000000	TRIPOOL
maxocoin.net	0.000000	TRIPOOL
maxocoinxxxx	0.000635	TRIPOOL
mbxgkvsy4ynm	0.000000	TRIPOOL
mbxgkvsy4ynm	0.000000	USNPOOL
mbxgkvsy4ynm	0.000000	VIGORPL
mbxgkvsy4ynm	0.000000000	EOSDTPL
mcellz.ftw	0.000000	TRIPOOL
meistergamer	0.000000	TRIPOOL
melxisedek15	0.141899	TRIPOOL
mikaelvielma	0.000284	TRIPOOL
miner.sx	2.813677	TRIPOOL
mnbjklhglhjl	0.004098	TRIPOOL
mohamed12.m	0.858257	TRIPOOL
moonmarshold	0.440902	TRIPOOL
morrisville1	0.000000	TRIPOOL
mosstheboss1	0.000000	TRIPOOL
movement1234	0.459240	TRIPOOL
mylovemylife	0.001058	TRIPOOL
mysteorrrrrr	0.195589	TRIPOOL
mysteorrrrrr	0.030024	USNPOOL
mysteorrrrrr	0.000000941	EOSDTPL
mznaeosfunds	48.391434	TRIPOOL
nbc2222eosch	0.000000	VIGORPL
nkc1.ftw	0.000000	TRIPOOL
nooneiscomin	0.000000	TRIPOOL
noreckformee	0.000760	TRIPOOL
ocalaflorida	0.000000	TRIPOOL
osaltimbanco	0.002564	TRIPOOL
overthefalls	0.442012	TRIPOOL
ownerkeypair	0.117373	TRIPOOL
oxobank.bank	0.000023	TRIPOOL
oxobank.hodl	0.000000	TRIPOOL
passivemoney	5.649159	TRIPOOL
passivemoney	0.000000	USNPOOL
patriotsoath	0.128307	TRIPOOL
peregrintook	0.000000	TRIPOOL
pgvbldq43nhu	0.000000	TRIPOOL
playwithfire	0.435547	TRIPOOL
primenumber2	0.000000	TRIPOOL
prospectgold	11.146003	TRIPOOL
prospergrit1	0.014962	TRIPOOL
pursang13you	0.000000	TRIPOOL
pzalendkeeps	0.000086	TRIPOOL
pzamoonfunds	0.000000	TRIPOOL
queenapple14	0.000000	TRIPOOL
quiver.eos	0.000000	TRIPOOL
rachbioinair	0.002501	TRIPOOL
rastilonlon1	0.000000	TRIPOOL
rbj4aarbj4aa	1.479646	TRIPOOL
realestatehi	0.000000	TRIPOOL
reeeeeeeeekt	0.000000	TRIPOOL
rickiestrick	305.207952	TRIPOOL
ricksanchez5	0.015299	TRIPOOL
ricosilvabra	0.000000	TRIPOOL
ricosilvaeos	0.333197	TRIPOOL
robotization	0.000000	TRIPOOL
robvrichards	0.000000	TRIPOOL
romans1x2abc	0.000000	TRIPOOL
romans1x2abc	0.000000000	EOSDTPL
sagittariusa	0.000000	TRIPOOL
saintpadrepi	0.000000	TRIPOOL
savagelitone	0.000000	TRIPOOL
sdhrjdddjkuu	0.000000	TRIPOOL
sendeostoent	0.000000	TRIPOOL
senoisierors	0.000000	TRIPOOL
seranigirl15	0.000000	TRIPOOL
shambalabad5	0.013932	TRIPOOL
shambalabad5	0.000000	USNPOOL
sharetheland	0.002674	TRIPOOL
shinebright1	0.037229	TRIPOOL
silverspring	0.102854	TRIPOOL
silverspring	0.000000	USNPOOL
simmsuperann	0.000000	TRIPOOL
simonsimon11	0.000000	TRIPOOL
skinnydipper	0.000000	TRIPOOL
sniirrdev123	0.000000	TRIPOOL
sniirrdev123	0.000000	USNPOOL
sniirrdev123	0.000000	VIGORPL
sniirrdev123	0.000000598	EOSDTPL
stas14kruk14	0.000000	TRIPOOL
supsolutions	0.000000	TRIPOOL
sw35xvedt5dd	12.545623	TRIPOOL
swedeniceman	0.224616	TRIPOOL
sx	0.000001	TRIPOOL
t3kslv2ndkvi	0.000000	TRIPOOL
taggartdagny	0.000001	TRIPOOL
tamanontaiva	0.000000	TRIPOOL
taxismurfkk3	0.000000	TRIPOOL
taxismurfkk3	0.000000	USNPOOL
temnamoney12	0.000000	TRIPOOL
test.sx	0.000000	TRIPOOL
thethirdside	0.000613	TRIPOOL
tigertrallal	0.228262	TRIPOOL
tofhdnsrowjd	1.994502	TRIPOOL
tokensphobia	0.004803	TRIPOOL
tonnoaccount	0.000000	TRIPOOL
torontoleafs	0.001391	TRIPOOL
trader.sx	0.000000	TRIPOOL
trantienthuc	0.000000	TRIPOOL
trophywinner	0.017037	TRIPOOL
trumpcrypto1	0.000000	TRIPOOL
tseyt3114225	0.000000	TRIPOOL
tsimmonds125	0.000000	TRIPOOL
ttrteos1ttrt	0.000000	TRIPOOL
uohrjilcfsux	45.779613	TRIPOOL
upcaufpyvi5w	0.000000	TRIPOOL
usernamefive	0.030333	TRIPOOL
vault.pizza	380.694087	TRIPOOL
vceptseosbnk	3.355131	TRIPOOL
vceptseosbnk	0.000000	USNPOOL
verige331133	0.000000	TRIPOOL
verige331133	0.000000	USNPOOL
verige331133	0.000000	VIGORPL
vestyrunner2	0.000000	TRIPOOL
vestyrunner3	0.080507	TRIPOOL
vigordacltd5	0.000000	TRIPOOL
vigordacltd5	0.000000	VIGORPL
virgocluster	0.000343	TRIPOOL
vqrp3xupo.tp	0.000000	TRIPOOL
vqrp3xupo.tp	0.000000	USNPOOL
waterexpress	0.000000	TRIPOOL
waxswapeos12	0.003695	TRIPOOL
whenmoonsoon	0.008189	TRIPOOL
whowhatwhere	0.000000	TRIPOOL
whowhatwhere	0.000000	USNPOOL
windermereuk	0.000000	TRIPOOL
wmplaccounts	0.002807	TRIPOOL
xbdx3ulqgqdy	0.346148	TRIPOOL
xbdx3ulqgqdy	0.000000	USNPOOL
xianiyunwiya	0.182455	TRIPOOL
yahwehyahweh	0.000066	TRIPOOL
zack.vr	2.382033	TRIPOOL
zphiholdings	0.000000	TRIPOOL
zphiholdings	0.000000	USNPOOL
zphiholdings	0.000000	VIGORPL
zphiholdings	0.000000000	EOSDTPL
