currency	account	balance
BOXAUQ	anoxeosfakir	2760629
BOXAUQ	dpositboxauq	4538003987
BOXAUQ	ggdgpcfxoyhr	142725
BOXAUQ	mysteorrrrrr	3
BOXAVG	anoxeosfakir	4463655
BOXAVG	dpositboxavg	4621864301
BOXAVG	ggdgpcfxoyhr	224317
BOXAVG	mysteorrrrrr	2
BOXAYO	anoxeosfakir	499285938
BOXAYO	dpositboxayo	155331232480
BOXAYO	ggdgpcfxoyhr	13076701
BOXAYO	mbxgkvsy4ynm	10060193
BOXAYO	mysteorrrrrr	1
BOXAYP	dpositboxayp	122724400614
BOXAYP	ggdgpcfxoyhr	22843017
BOXAYP	mbxgkvsy4ynm	7329257
BOXAYP	mysteorrrrrr	8
BOXAYP	pigdogsurfer	49321618
