pk	field	fval
1239	block_time_last	2021-12-08T12:34:48.000
1239	id	1239
1239	liquidity_token	4540907344
1239	price0_cumulative_last	4475474
1239	price0_last	0.278425606506171
1239	price1_cumulative_last	112318893
1239	price1_last	3.59162367480678
1239	reserve0	90138.168378 DAI
1239	reserve1	25096.7742 EOS
1239	token0	{"contract":"dadusdtokens","symbol":"6,DAI"}
1239	token1	{"contract":"eosio.token","symbol":"4,EOS"}
1255	block_time_last	2021-12-08T12:34:00.000
1255	id	1255
1255	liquidity_token	4626552275
1255	price0_cumulative_last	4479324
1255	price0_last	0.278793249178663
1255	price1_cumulative_last	111497725
1255	price1_last	3.58688742624164
1255	reserve0	91601.340331 USDC
1255	reserve1	25537.8353 EOS
1255	token0	{"contract":"dadusdtokens","symbol":"6,USDC"}
1255	token1	{"contract":"eosio.token","symbol":"4,EOS"}
1341	block_time_last	2021-12-08T12:24:52.000
1341	id	1341
1341	liquidity_token	155853655313
1341	price0_cumulative_last	2328997142
1341	price0_last	222.722651618463
1341	price1_cumulative_last	276669
1341	price1_last	0.00448988907384714
1341	reserve0	10757.597277 USDC
1341	reserve1	2395960.590577 ECRV
1341	token0	{"contract":"dadusdtokens","symbol":"6,USDC"}
1341	token1	{"contract":"ecurvetoken1","symbol":"6,ECRV"}
1342	block_time_last	2021-12-08T12:25:55.000
1342	id	1342
1342	liquidity_token	122803894514
1342	price0_cumulative_last	2330841435
1342	price0_last	222.504912307024
1342	price1_cumulative_last	248320
1342	price1_last	0.00449428279866536
1342	reserve0	8466.255529 DAI
1342	reserve1	1883783.444049 ECRV
1342	token0	{"contract":"dadusdtokens","symbol":"6,DAI"}
1342	token1	{"contract":"ecurvetoken1","symbol":"6,ECRV"}
